THEO DOI thực tế vs KPI cam kết - 6 THÁNG,,,,,,,,,,,,,,,,
,,,,,,,,,,,,,,,,
Option dạng triển khai (nhập 1 hoặc 2),2,"nhập 1 nếu chạy Option 1 (30tr/tháng), nhập 2 nếu chạy Option 2 (50tr/tháng).",,,,,,,,,,,,,,
,,,,,,,,,,,,,,,,
chỉ số,Cam kết/tháng,Tháng 1,,Tháng 2,,Tháng 3,,Tháng 4,,Tháng 5,,Tháng 6,,Lũy kế thực tế,cam kết GD1,% Hoan thành
,,thực tế,chênh lệch %,thực tế,chênh lệch %,thực tế,chênh lệch %,thực tế,chênh lệch %,thực tế,chênh lệch %,thực tế,chênh lệch %,,,
Impressions / tháng,"305,718",,-100%,,-100%,,-100%,,-100%,,-100%,,-100%,0,"1,834,307",0%
Video Views / tháng,"16,227",,-100%,,-100%,,-100%,,-100%,,-100%,,-100%,0,"97,364",0%
Clicks / traffic / tháng,"1,878",,-100%,,-100%,,-100%,,-100%,,-100%,,-100%,0,"11,269",0%
,,,,,,,,,,,,,,,,
Chỉ nhập số liệu vao các ô vàng (thực tế từng tháng và Option dạng chạy). chênh lệch % dương (+) nghĩa là thực tế vượt cam kết.,,,,,,,,,,,,,,,,